__v,_id,amount,createdAt,name,order,updatedAt
0,64f9cb5d2dcf6796b1a30c34,1,2023-09-07T13:08:45.538Z,Cake tout chocolat,2,2023-09-07T13:08:45.538Z
0,64f9d2d7deebc8a45fcf23e5,1,2023-09-07T13:40:39.924Z,Fondant supreme,1,2023-09-07T13:40:39.924Z
0,64f9d2d8deebc8a45fcf23e8,1,2023-09-07T13:40:40.985Z,Cake tout chocolat,2,2023-09-07T13:40:40.985Z
0,64f9d2d9deebc8a45fcf23eb,1,2023-09-07T13:40:41.688Z,Cake Framboise chocolat,3,2023-09-07T13:40:41.688Z
0,64f9dc35deebc8a45fcf2435,1,2023-09-07T14:20:37.954Z,Fondant supreme,1,2023-09-07T14:20:37.954Z
0,64f9dc37deebc8a45fcf2438,1,2023-09-07T14:20:39.046Z,Cake tout chocolat,2,2023-09-07T14:20:39.046Z
0,64f9dc37deebc8a45fcf243b,1,2023-09-07T14:20:39.657Z,Cake Framboise chocolat,3,2023-09-07T14:20:39.657Z
0,64fb1b148f0d6a0c438f21f0,1,2023-09-08T13:01:08.529Z,Cake tout chocolat,2,2023-09-08T13:01:08.529Z
0,64fb1b1c8f0d6a0c438f21f3,1,2023-09-08T13:01:16.372Z,Cake Framboise chocolat,3,2023-09-08T13:01:16.372Z
0,64fb1b1d8f0d6a0c438f21f6,1,2023-09-08T13:01:17.449Z,Cake Framboise chocolat,3,2023-09-08T13:01:17.449Z
0,64fb1cd68f0d6a0c438f220a,1,2023-09-08T13:08:38.910Z,Cake Framboise chocolat,3,2023-09-08T13:08:38.910Z
0,64fb1d988f0d6a0c438f235a,1,2023-09-08T13:11:52.625Z,Cake tout chocolat,2,2023-09-08T13:11:52.625Z
0,64fb1dc28f0d6a0c438f2363,1,2023-09-08T13:12:34.605Z,Cake tout chocolat,2,2023-09-08T13:12:34.605Z
0,64fb1e008f0d6a0c438f2371,1,2023-09-08T13:13:36.620Z,Fondant supreme,1,2023-09-08T13:13:36.620Z
0,64fb33e18f0d6a0c438f237c,1,2023-09-08T14:46:57.387Z,Fondant supreme,1,2023-09-08T14:46:57.387Z
0,64fb34018f0d6a0c438f2389,1,2023-09-08T14:47:29.167Z,Fondant supreme,1,2023-09-08T14:47:29.167Z
0,64fb34068f0d6a0c438f2394,1,2023-09-08T14:47:34.881Z,Brioche sucr√©e avec chocolat,4,2023-09-08T14:47:34.881Z
0,64fb340c8f0d6a0c438f239f,1,2023-09-08T14:47:40.208Z,Cake Framboise chocolat,3,2023-09-08T14:47:40.208Z